Workbook

Sheet 99
A1: Nome do item
A2: Refrigerante Pepsi Zero 2L
A3: Refrigerante Coca-Cola Lata Com 350ml
A4: Refresco H2oh Limoneto 1,5l
A5: Suco Del Valle Frut Laranja 1,5L
A6: Refrigerante Fanta Laranja 350ML
A7: Refrigerante Guaraná Antarctica Zero 350ML
A8: Cerveja Heineken Garrafa 330ml
A9: Whisky Escocês White Horse 1L
A10: Rum Bacardí Carta Blanca 980ML
A11: Vinho Chileno Chilano Cabernet Garrafa com 750ml
A12: Cerveja Michelob Ultra Superior Light Beer Lata 350ml
... A147: Cerveja Stella Artois Pure Gold Lt 269ml

Sheet CUSTOS
A1: PRODUTO
A2: CARVÃO SELEÇÃO 4KG
A3: CARVÃO SELEÇÃO 8KG
A4: AMENDOIM PANCHITO
A5: QUEIJO NOZINHO
A6: AMENDOIM SEM PELE ELMA CHIPS PACOTE 100G
A7: BATATA FRITA LISA LAYS CLÁSSICA PACOTE 70G
A8: BATATA FRITA ONDULADA RUFFLES CEBOLA E SALSA PACOTE 68G
A9: BATATA FRITA ONDULADA RUFFLES CHURRASCO PACOTE 68G
A10: BATATA FRITA ONDULADA RUFFLES ORIGINAL PACOTE 115G
A11: BATATA FRITA ONDULADA RUFFLES ORIGINAL PACOTE 68G
A12: OVINHOS DE AMENDOIM ELMA CHIPS PACOTE 65G
... A702: Whisky Jack Daniels 1l Blackberry

Sheet DE PARA
A1: NOME DO ITEM (99) | B1: PRODUTO (CUSTOS) | C1: STATUS | D1: OBSERVAÇÃO | E1: LINHA EM CUSTOS
A2: ='99'!A2 -> Refrigerante Pepsi Zero 2L | B2: REFRIGERANTE PEPSI BLACK GARRAFA 2L | C2: APROXIMADO | D2: Pepsi Black é a versão zero açúcar | E2: =IF(B2="","",IFERROR(MATCH(B2,CUSTOS!$A:$A,0),"NÃO ACHOU")) -> 548
A3: ='99'!A3 -> Refrigerante Coca-Cola Lata Com 350ml | B3: REFRIGERANTE COCA COLA LATA 350ML | C3: OK | E3: =IF(B3="","",IFERROR(MATCH(B3,CUSTOS!$A:$A,0),"NÃO ACHOU")) -> 138
A4: ='99'!A4 -> Refresco H2oh Limoneto 1,5l | B4: ÁGUA SABORIZADA H2OH LIMONETO 500ML | C4: APROXIMADO | D4: CUSTOS não tem Limoneto 1,5L (só 500ml e 350ml) | E4: =IF(B4="","",IFERROR(MATCH(B4,CUSTOS!$A:$A,0),"NÃO ACHOU")) -> 20
A5: ='99'!A5 -> Suco Del Valle Frut Laranja 1,5L | B5: Suco Del Valle Frut Laranja 1,5l | C5: OK | D5: Item aparece 2x em CUSTOS | E5: =IF(B5="","",IFERROR(MATCH(B5,CUSTOS!$A:$A,0),"NÃO ACHOU")) -> 669
A6: ='99'!A6 -> Refrigerante Fanta Laranja 350ML | B6: REFRIGERANTE FANTA LARANJA LATA 350ML | C6: OK | E6: =IF(B6="","",IFERROR(MATCH(B6,CUSTOS!$A:$A,0),"NÃO ACHOU")) -> 141
A7: ='99'!A7 -> Refrigerante Guaraná Antarctica Zero 350ML | B7: REFRIGERANTE GUARANA ANTARTICA ZERO LATA 350ML | C7: OK | E7: =IF(B7="","",IFERROR(MATCH(B7,CUSTOS!$A:$A,0),"NÃO ACHOU")) -> 143
A8: ='99'!A8 -> Cerveja Heineken Garrafa 330ml | B8: CERVEJA HEINEKEN LONG 330ML | C8: OK | E8: =IF(B8="","",IFERROR(MATCH(B8,CUSTOS!$A:$A,0),"NÃO ACHOU")) -> 95
A9: ='99'!A9 -> Whisky Escocês White Horse 1L | B9: WHISKY WHITE HORSE 8 ANOS 1L | C9: OK | E9: =IF(B9="","",IFERROR(MATCH(B9,CUSTOS!$A:$A,0),"NÃO ACHOU")) -> 202
A10: ='99'!A10 -> Rum Bacardí Carta Blanca 980ML | B10: RUM BACARDI PRATA 980ML | C10: OK | D10: Carta Blanca = Prata | E10: =IF(B10="","",IFERROR(MATCH(B10,CUSTOS!$A:$A,0),"NÃO ACHOU")) -> 78
A11: ='99'!A11 -> Vinho Chileno Chilano Cabernet Garrafa com 750ml | B11: VINHO CHILANO CABERNET SAUVIGNON 750ML | C11: OK | E11: =IF(B11="","",IFERROR(MATCH(B11,CUSTOS!$A:$A,0),"NÃO ACHOU")) -> 164
A12: ='99'!A12 -> Cerveja Michelob Ultra Superior Light Beer Lata 350ml | B12: Cerveja Michelob Sleek Ultra 350ml | C12: OK | D12: Alternativa: CERVEJA MICHELOB ULTRA 355ML | E12: =IF(B12="","",IFERROR(MATCH(B12,CUSTOS!$A:$A,0),"NÃO ACHOU")) -> 679
A13: ='99'!A13 -> Vodka Absolut - 1 Litro | B13: VODKA ABSOLUT 1L | C13: OK | E13: =IF(B13="","",IFERROR(MATCH(B13,CUSTOS!$A:$A,0),"NÃO ACHOU")) -> 186
A14: ='99'!A14 -> Vinho Por Alandra Bco 750Ml | B14: VINHO ALANDRA BRANCO 750ML | C14: OK | E14: =IF(B14="","",IFERROR(MATCH(B14,CUSTOS!$A:$A,0),"NÃO ACHOU")) -> 248
A15: ='99'!A15 -> Vinho Chi Stacarolina Rsvd Rose 750Ml | B15: VINHO SANTA CAROLINA RESERVADO ROSE 750ML | C15: OK | E15: =IF(B15="","",IFERROR(MATCH(B15,CUSTOS!$A:$A,0),"NÃO ACHOU")) -> 569
A16: ='99'!A16 -> Cerveja Sol Premium Long Neck 330ml | B16: CERVEJA SOL LONG 330ML | C16: OK | E16: =IF(B16="","",IFERROR(MATCH(B16,CUSTOS!$A:$A,0),"NÃO ACHOU")) -> 102
A17: ='99'!A17 -> Cerveja Heineken Garrafa 330ml | B17: CERVEJA HEINEKEN LONG 330ML | C17: OK | E17: =IF(B17="","",IFERROR(MATCH(B17,CUSTOS!$A:$A,0),"NÃO ACHOU")) -> 95
A18: ='99'!A18 -> Bebida Alcoólica Xeque Mate 355ML | B18: RTD XEQUE MATE 355ML | C18: OK | E18: =IF(B18="","",IFERROR(MATCH(B18,CUSTOS!$A:$A,0),"NÃO ACHOU")) -> 413
A19: ='99'!A19 -> Cerveja Corona Long Neck Com 330ml | B19: CERVEJA CORONA LONG 330ML | C19: OK | E19: =IF(B19="","",IFERROR(MATCH(B19,CUSTOS!$A:$A,0),"NÃO ACHOU")) -> 90
A20: ='99'!A20 -> Bebida Energética Red Bull Lata 250 ml | B20: ENERGETICO RED BULL LATA 250ML | C20: OK | E20: =IF(B20="","",IFERROR(MATCH(B20,CUSTOS!$A:$A,0),"NÃO ACHOU")) -> 113
A21: ='99'!A21 -> Gelo Para Drink Coco Leve 190G | B21: Gelo Coco Leve Para Drink Sabor Água de Coco 190g | C21: APROXIMADO | D21: Sabor não informado; assumido sabor tradicional (água de coco) | E21: =IF(B21="","",IFERROR(MATCH(B21,CUSTOS!$A:$A,0),"NÃO ACHOU")) -> 688
A22: ='99'!A22 -> Refrigerante Guaraná Antarctica 2L | B22: REFRIGERANTE GUARANA ANTARTICA GARRAFA 2L | C22: OK | E22: =IF(B22="","",IFERROR(MATCH(B22,CUSTOS!$A:$A,0),"NÃO ACHOU")) -> 142
A23: ='99'!A23 -> Whiskey Jack Daniel's 1L | B23: WHISKY JACK DANIEL'S OLD N°07 1L | C23: OK | E23: =IF(B23="","",IFERROR(MATCH(B23,CUSTOS!$A:$A,0),"NÃO ACHOU")) -> 197
A24: ='99'!A24 -> Enos Gimenez Riili Bu Hermanos Cabernet Franc - Vinho Fino Tinto | B24: VINHO GIMENEZ RILLI BUENOS HERMANOS CABERNET 750ML | C24: APROXIMADO | D24: CUSTOS não especifica se é Cabernet Franc | E24: =IF(B24="","",IFERROR(MATCH(B24,CUSTOS!$A:$A,0),"NÃO ACHOU")) -> 230
A25: ='99'!A25 -> Vinho Arg Cordero Con Piel Lobo Rs 750Ml | B25: VINHO CORDERO CON PIEL DE LOBO ROSE MALBEC 750ML | C25: OK | E25: =IF(B25="","",IFERROR(MATCH(B25,CUSTOS!$A:$A,0),"NÃO ACHOU")) -> 271
A26: ='99'!A26 -> Refresco H2oh Limoneto 1,5l | B26: ÁGUA SABORIZADA H2OH LIMONETO 500ML | C26: APROXIMADO | D26: CUSTOS não tem Limoneto 1,5L (só 500ml e 350ml) | E26: =IF(B26="","",IFERROR(MATCH(B26,CUSTOS!$A:$A,0),"NÃO ACHOU")) -> 20
A27: ='99'!A27 -> Refrigerante Pepsi Zero 2L | B27: REFRIGERANTE PEPSI BLACK GARRAFA 2L | C27: APROXIMADO | D27: Pepsi Black é a versão zero açúcar | E27: =IF(B27="","",IFERROR(MATCH(B27,CUSTOS!$A:$A,0),"NÃO ACHOU")) -> 548
A28: ='99'!A28 -> Refrigerante Pepsi Cola 2L | B28: REFRIGERANTE PET PEPSI 2L | C28: OK | E28: =IF(B28="","",IFERROR(MATCH(B28,CUSTOS!$A:$A,0),"NÃO ACHOU")) -> 48
A29: ='99'!A29 -> Cerveja Corona Pilsen Lata 350ml | B29: CERVEJA CORONA LATA 350ML | C29: OK | E29: =IF(B29="","",IFERROR(MATCH(B29,CUSTOS!$A:$A,0),"NÃO ACHOU")) -> 595
A30: ='99'!A30 -> Cerveja Amstel Lager Lata 350ml | B30: CERVEJA AMSTEL LATA 350ML | C30: OK | E30: =IF(B30="","",IFERROR(MATCH(B30,CUSTOS!$A:$A,0),"NÃO ACHOU")) -> 82
A31: ='99'!A31 -> Cerveja Brahma Duplo Malte Lata Com 350ml | B31: CERVEJA BRAHMA DUPLO MALTE LATA 350ML | C31: OK | E31: =IF(B31="","",IFERROR(MATCH(B31,CUSTOS!$A:$A,0),"NÃO ACHOU")) -> 84
A32: ='99'!A32 -> Refresco H2oh Limoneto 1,5l | B32: ÁGUA SABORIZADA H2OH LIMONETO 500ML | C32: APROXIMADO | D32: CUSTOS não tem Limoneto 1,5L (só 500ml e 350ml) | E32: =IF(B32="","",IFERROR(MATCH(B32,CUSTOS!$A:$A,0),"NÃO ACHOU")) -> 20
A33: ='99'!A33 -> Energético Baly FrutasTropicais 2L | B33: ENERGETICO BALY TROPICAL GARRAFA 2L | C33: OK | E33: =IF(B33="","",IFERROR(MATCH(B33,CUSTOS!$A:$A,0),"NÃO ACHOU")) -> 109
A34: ='99'!A34 -> Whisky Chivas Regal 12 Anos 1L | B34: WHISKY CHIVAS REGAL 12 ANOS 1L | C34: OK | E34: =IF(B34="","",IFERROR(MATCH(B34,CUSTOS!$A:$A,0),"NÃO ACHOU")) -> 195
A35: ='99'!A35 -> Licor Ballena Coco 750ML | B35: LICOR BALLENA COCO 750ML | C35: OK | E35: =IF(B35="","",IFERROR(MATCH(B35,CUSTOS!$A:$A,0),"NÃO ACHOU")) -> 564
A36: ='99'!A36 -> Fireball 750ml | B36: WHISKY FIREBALL 750ML | C36: OK | E36: =IF(B36="","",IFERROR(MATCH(B36,CUSTOS!$A:$A,0),"NÃO ACHOU")) -> 196
A37: ='99'!A37 -> Tequila Jose Cuervo Ouro Especial 750 ml | B37: TEQUILA JOSE CUERVO GOLD 750ML | C37: OK | E37: =IF(B37="","",IFERROR(MATCH(B37,CUSTOS!$A:$A,0),"NÃO ACHOU")) -> 81
A38: ='99'!A38 -> Gelo Fast Embalagem 5Kg | B38: FAST GELO 5KG | C38: OK | E38: =IF(B38="","",IFERROR(MATCH(B38,CUSTOS!$A:$A,0),"NÃO ACHOU")) -> 374
A39: ='99'!A39 -> Refresco H2oh Limão Pet com 1,5l | B39: AGUA SABORIZADA H2OH LIMÃO 1,5L | C39: OK | E39: =IF(B39="","",IFERROR(MATCH(B39,CUSTOS!$A:$A,0),"NÃO ACHOU")) -> 46
A40: ='99'!A40 -> Cerveja Eisenbahn Pilsen Lata 350ml | B40: Eisenbahn Pilsen Puro Malte 350ml | C40: OK | E40: =IF(B40="","",IFERROR(MATCH(B40,CUSTOS!$A:$A,0),"NÃO ACHOU")) -> 684
A41: ='99'!A41 -> Salgadinho Elma Chips Batata Ruffles Cebola e salsa 68G | B41: BATATA FRITA ONDULADA RUFFLES CEBOLA E SALSA PACOTE 68G | C41: OK | E41: =IF(B41="","",IFERROR(MATCH(B41,CUSTOS!$A:$A,0),"NÃO ACHOU")) -> 8
A42: ='99'!A42 -> Água Mineral Minalba Com gás 1.5 L | B42: Água Mineral Com Gás Minalba 1,5l | C42: OK | E42: =IF(B42="","",IFERROR(MATCH(B42,CUSTOS!$A:$A,0),"NÃO ACHOU")) -> 32
A43: ='99'!A43 -> Bebida Alcoólica Mista Smirnoff Ice 269ML | B43: BEBIDA MISTA SMIRNOFF ICE CLÁSSICA LATA 269ML | C43: OK | E43: =IF(B43="","",IFERROR(MATCH(B43,CUSTOS!$A:$A,0),"NÃO ACHOU")) -> 29
A44: ='99'!A44 -> Espumante Cava Freixenet Demi-Sec Branco Macabeo Xarel-Lo E Parellada Carta Nevada 750ml | B44: Espumante Cava Freixenet Carta Nevada 750 Ml | C44: OK | E44: =IF(B44="","",IFERROR(MATCH(B44,CUSTOS!$A:$A,0),"NÃO ACHOU")) -> 670
A45: ='99'!A45 -> Vinho Chileno Santa Helena Reservado Cabernet Merlot 750ML | B45: VINHO SANTA HELENA CABERNET SAUVIGNON 750ML | C45: APROXIMADO | D45: CUSTOS não tem o blend Cabernet/Merlot; alternativa: VINHO SANTA HELENA MERLOT 750ML | E45: =IF(B45="","",IFERROR(MATCH(B45,CUSTOS!$A:$A,0),"NÃO ACHOU")) -> 585
A46: ='99'!A46 -> Refresco H2oh Limoneto 1,5l | B46: ÁGUA SABORIZADA H2OH LIMONETO 500ML | C46: APROXIMADO | D46: CUSTOS não tem Limoneto 1,5L (só 500ml e 350ml) | E46: =IF(B46="","",IFERROR(MATCH(B46,CUSTOS!$A:$A,0),"NÃO ACHOU")) -> 20
A47: ='99'!A47 -> Vinho Argentino Trapiche Malbec 750ML | B47: VINHO TRAPICHE MALBEC ARGENTINO 750ML | C47: OK | E47: =IF(B47="","",IFERROR(MATCH(B47,CUSTOS!$A:$A,0),"NÃO ACHOU")) -> 155
A48: ='99'!A48 -> Ice 51 Morango E Laranja 275 ml | B48: Bebida Mista Fruit Mix 51 Ice 275ml | C48: APROXIMADO | D48: Confirmar se Fruit Mix = Morango e Laranja | E48: =IF(B48="","",IFERROR(MATCH(B48,CUSTOS!$A:$A,0),"NÃO ACHOU")) -> 649
A49: ='99'!A49 -> Vinho Arg Chac Chac Malbec Tinto 750Ml | B49: Vinho Argentino Chac Chac Malbec 750ml | C49: OK | E49: =IF(B49="","",IFERROR(MATCH(B49,CUSTOS!$A:$A,0),"NÃO ACHOU")) -> 639
A50: ='99'!A50 -> Vinho Tinto Trapiche Vineyards Cabernet Sauvignon 750ml | B50: VINHO TRAPICHE CABERNET SAUVIGNON ARGENTINO 750ML | C50: OK | E50: =IF(B50="","",IFERROR(MATCH(B50,CUSTOS!$A:$A,0),"NÃO ACHOU")) -> 154
A51: ='99'!A51 -> Cerveja Michelob Ultra Superior Light Beer Lata 350ml | B51: Cerveja Michelob Sleek Ultra 350ml | C51: OK | D51: Alternativa: CERVEJA MICHELOB ULTRA 355ML | E51: =IF(B51="","",IFERROR(MATCH(B51,CUSTOS!$A:$A,0),"NÃO ACHOU")) -> 679
A52: ='99'!A52 -> Vinho Argentino Concha Y Toro Malbec Garrafa Com 750ml | B52: VINHO CONCHA Y TORO RESERVADO MALBEC 750ML | C52: OK | E52: =IF(B52="","",IFERROR(MATCH(B52,CUSTOS!$A:$A,0),"NÃO ACHOU")) -> 446
A53: ='99'!A53 -> Licor Ballena Garrafa 750ml | C53: VERIFICAR | D53: Sabor não informado; opções: LICOR BALLENA MORANGO / COCO / CHOCOLATE E CARAMELO 750ML | E53: =IF(B53="","",IFERROR(MATCH(B53,CUSTOS!$A:$A,0),"NÃO ACHOU"))
A54: ='99'!A54 -> Bebida Alcoólica Mista Smirnoff Ice 269ML | B54: BEBIDA MISTA SMIRNOFF ICE CLÁSSICA LATA 269ML | C54: OK | E54: =IF(B54="","",IFERROR(MATCH(B54,CUSTOS!$A:$A,0),"NÃO ACHOU")) -> 29
A55: ='99'!A55 -> Vinho Chileno Casillero Del Diablo Camenere Garrafa Com 750ml | B55: VINHO CASILLERO DEL DIABLO CARMENERE 750ML | C55: OK | E55: =IF(B55="","",IFERROR(MATCH(B55,CUSTOS!$A:$A,0),"NÃO ACHOU")) -> 484
A56: ='99'!A56 -> Espumante Salton Demi Sec 750ML | B56: ESPUMANTE SALTON DEMI-SEC 750ML | C56: OK | E56: =IF(B56="","",IFERROR(MATCH(B56,CUSTOS!$A:$A,0),"NÃO ACHOU")) -> 284
A57: ='99'!A57 -> Cerveja Original Lata Com 350ml | B57: CERVEJA ANTARTICA ORIGINAL 350ML | C57: OK | E57: =IF(B57="","",IFERROR(MATCH(B57,CUSTOS!$A:$A,0),"NÃO ACHOU")) -> 38
A58: ='99'!A58 -> Cerveja Heineken Barril 5L | B58: CERVEJA HEINEKEN BARRIL 5L | C58: OK | E58: =IF(B58="","",IFERROR(MATCH(B58,CUSTOS!$A:$A,0),"NÃO ACHOU")) -> 628
A59: ='99'!A59 -> Vinho Chileno Santa Helena Reservado Cabernet Merlot 750ML | B59: VINHO SANTA HELENA CABERNET SAUVIGNON 750ML | C59: APROXIMADO | D59: CUSTOS não tem o blend Cabernet/Merlot; alternativa: VINHO SANTA HELENA MERLOT 750ML | E59: =IF(B59="","",IFERROR(MATCH(B59,CUSTOS!$A:$A,0),"NÃO ACHOU")) -> 585
A60: ='99'!A60 -> Refrigerante Guaraná Antarctica 2L | B60: REFRIGERANTE GUARANA ANTARTICA GARRAFA 2L | C60: OK | E60: =IF(B60="","",IFERROR(MATCH(B60,CUSTOS!$A:$A,0),"NÃO ACHOU")) -> 142
A61: ='99'!A61 -> Espumante Chandon Rosé Brut Pinot Noir Riesling Itálico Chardonnay Serra Gaúcha 750ml | B61: ESPUMANTE CHANDON ROSE GARRAFA 750ML | C61: OK | E61: =IF(B61="","",IFERROR(MATCH(B61,CUSTOS!$A:$A,0),"NÃO ACHOU")) -> 125
A62: ='99'!A62 -> Cachaça Weber Haus Amburana 700 Ml | B62: CACHAÇA WEBER HAUS AMBURANA 700 ML | C62: OK | E62: =IF(B62="","",IFERROR(MATCH(B62,CUSTOS!$A:$A,0),"NÃO ACHOU")) -> 486
A63: ='99'!A63 -> Vinho Arg Chac Chac Malbec Tinto 750Ml | B63: Vinho Argentino Chac Chac Malbec 750ml | C63: OK | E63: =IF(B63="","",IFERROR(MATCH(B63,CUSTOS!$A:$A,0),"NÃO ACHOU")) -> 639
A64: ='99'!A64 -> Vinho Argentino Trapiche Malbec 750ML | B64: VINHO TRAPICHE MALBEC ARGENTINO 750ML | C64: OK | E64: =IF(B64="","",IFERROR(MATCH(B64,CUSTOS!$A:$A,0),"NÃO ACHOU")) -> 155
A65: ='99'!A65 -> Vinho Chileno Santa Helena Sauvignon Blanc 750ML | B65: VINHO SANTA HELENA SAUVIGNON BLANC 750ML | C65: OK | E65: =IF(B65="","",IFERROR(MATCH(B65,CUSTOS!$A:$A,0),"NÃO ACHOU")) -> 615
A66: ='99'!A66 -> Salgadinho Elma Chips Doritos Queijo nacho 120G | B66: SALGADINHO DE MILHO DORITOS QUEIJO NACHO PACOTE 120G | C66: OK | E66: =IF(B66="","",IFERROR(MATCH(B66,CUSTOS!$A:$A,0),"NÃO ACHOU")) -> 14
A67: ='99'!A67 -> Cerveja Original Lata Com 350ml | B67: CERVEJA ANTARTICA ORIGINAL 350ML | C67: OK | E67: =IF(B67="","",IFERROR(MATCH(B67,CUSTOS!$A:$A,0),"NÃO ACHOU")) -> 38
A68: ='99'!A68 -> Cerveja Stella Artois Pure Gold Lt 269ml | B68: Cerveja Puro Malte Pure Gold Sem Glúten Stella Artois 269ml | C68: OK | E68: =IF(B68="","",IFERROR(MATCH(B68,CUSTOS!$A:$A,0),"NÃO ACHOU")) -> 683
A69: ='99'!A69 -> Espumante Salton Brut 750ML | B69: ESPUMANTE SALTON BRUT 750ML | C69: OK | E69: =IF(B69="","",IFERROR(MATCH(B69,CUSTOS!$A:$A,0),"NÃO ACHOU")) -> 127
A70: ='99'!A70 -> Bebida Alcoólica Mista Smirnoff Ice 269ML | B70: BEBIDA MISTA SMIRNOFF ICE CLÁSSICA LATA 269ML | C70: OK | E70: =IF(B70="","",IFERROR(MATCH(B70,CUSTOS!$A:$A,0),"NÃO ACHOU")) -> 29
A71: ='99'!A71 -> Vinho Chileno Casillero del Diablo Chardonnay 750ML | B71: VINHO CASILLERO DEL DIABLO CHARDONNAY 750ML | C71: OK | E71: =IF(B71="","",IFERROR(MATCH(B71,CUSTOS!$A:$A,0),"NÃO ACHOU")) -> 162
A72: ='99'!A72 -> Água Mineral Minalba Com gás 1.5 L | B72: Água Mineral Com Gás Minalba 1,5l | C72: OK | E72: =IF(B72="","",IFERROR(MATCH(B72,CUSTOS!$A:$A,0),"NÃO ACHOU")) -> 32
A73: ='99'!A73 -> Aperitivo Campari Bitter 900Ml | B73: APERITIVO CAMPARI 998ML | C73: APROXIMADO | D73: Tamanho diferente (900ml x 998ml) | E73: =IF(B73="","",IFERROR(MATCH(B73,CUSTOS!$A:$A,0),"NÃO ACHOU")) -> 62
A74: ='99'!A74 -> Tequila El Jimador Prata Super Premium 750 ml | B74: TEQUILA EL JIMADOR BLANCO 750 ML | C74: OK | D74: Prata = Blanco | E74: =IF(B74="","",IFERROR(MATCH(B74,CUSTOS!$A:$A,0),"NÃO ACHOU")) -> 472
A75: ='99'!A75 -> Espumante Salton Demi Sec 750ML | B75: ESPUMANTE SALTON DEMI-SEC 750ML | C75: OK | E75: =IF(B75="","",IFERROR(MATCH(B75,CUSTOS!$A:$A,0),"NÃO ACHOU")) -> 284
A76: ='99'!A76 -> Vinho Tinto Santa Helena Reservado Carmenère 750ml | B76: VINHO SANTA HELENA CARMENERE 750ML | C76: OK | E76: =IF(B76="","",IFERROR(MATCH(B76,CUSTOS!$A:$A,0),"NÃO ACHOU")) -> 584
A77: ='99'!A77 -> Vinho Chileno Concha Y Toro Carmenere 750ML | B77: VINHO CONCHA Y TORO RESERVADO CARMENERE 750ML | C77: OK | E77: =IF(B77="","",IFERROR(MATCH(B77,CUSTOS!$A:$A,0),"NÃO ACHOU")) -> 173
A78: ='99'!A78 -> Energético Líquido À Base De Taurina E Cafeína Juice Suco De Frutas Monster Pipeline Punch 473ml | B78: ENERGETICO MONSTER PIPELINE PUNCH LATA 473ML | C78: OK | E78: =IF(B78="","",IFERROR(MATCH(B78,CUSTOS!$A:$A,0),"NÃO ACHOU")) -> 565
A79: ='99'!A79 -> Água De Coco Kero Coco Caixa 1L | B79: Água de Coco Kero Coco Caixa 1l | C79: OK | E79: =IF(B79="","",IFERROR(MATCH(B79,CUSTOS!$A:$A,0),"NÃO ACHOU")) -> 678
A80: ='99'!A80 -> Salgadinho Elma Chips Batata Ruffles Original 68G | B80: BATATA FRITA ONDULADA RUFFLES ORIGINAL PACOTE 68G | C80: OK | E80: =IF(B80="","",IFERROR(MATCH(B80,CUSTOS!$A:$A,0),"NÃO ACHOU")) -> 11
A81: ='99'!A81 -> Refrigerante Pepsi Zero 2L | B81: REFRIGERANTE PEPSI BLACK GARRAFA 2L | C81: APROXIMADO | D81: Pepsi Black é a versão zero açúcar | E81: =IF(B81="","",IFERROR(MATCH(B81,CUSTOS!$A:$A,0),"NÃO ACHOU")) -> 548
A82: ='99'!A82 -> Cerveja Corona Pilsen Lata 350ml | B82: CERVEJA CORONA LATA 350ML | C82: OK | E82: =IF(B82="","",IFERROR(MATCH(B82,CUSTOS!$A:$A,0),"NÃO ACHOU")) -> 595
A83: ='99'!A83 -> Ice 51 Morango E Laranja 275 ml | B83: Bebida Mista Fruit Mix 51 Ice 275ml | C83: APROXIMADO | D83: Confirmar se Fruit Mix = Morango e Laranja | E83: =IF(B83="","",IFERROR(MATCH(B83,CUSTOS!$A:$A,0),"NÃO ACHOU")) -> 649
A84: ='99'!A84 -> Água Mineral Minalba Sem gás 1.5 L | B84: AGUA SEM GÁS MINALBA 1,5L | C84: OK | E84: =IF(B84="","",IFERROR(MATCH(B84,CUSTOS!$A:$A,0),"NÃO ACHOU")) -> 34
A85: ='99'!A85 -> Água Mineral Crystal Com Gás 1,5L | B85: ÁGUA MINERAL COM GÁS CRYSTAL 1,5L | C85: OK | E85: =IF(B85="","",IFERROR(MATCH(B85,CUSTOS!$A:$A,0),"NÃO ACHOU")) -> 25
A86: ='99'!A86 -> Salgadinho Lucky Torcida Cebola 60G | B86: SALGADINHO TORCIDA CEBOLA 60G | C86: OK | E86: =IF(B86="","",IFERROR(MATCH(B86,CUSTOS!$A:$A,0),"NÃO ACHOU")) -> 17
A87: ='99'!A87 -> Cerveja Michelob Ultra Superior Light Beer Lata 350ml | B87: Cerveja Michelob Sleek Ultra 350ml | C87: OK | D87: Alternativa: CERVEJA MICHELOB ULTRA 355ML | E87: =IF(B87="","",IFERROR(MATCH(B87,CUSTOS!$A:$A,0),"NÃO ACHOU")) -> 679
A88: ='99'!A88 -> Refrigerante Guaraná Antarctica Zero 200ML | B88: Refrigerante Guaraná Antarctica Zero 200ml | C88: OK | E88: =IF(B88="","",IFERROR(MATCH(B88,CUSTOS!$A:$A,0),"NÃO ACHOU")) -> 671
A89: ='99'!A89 -> Bebida Alcoólica Mista Beats Tropical 269ML | B89: Beats Tropical Lata 269ml | C89: OK | E89: =IF(B89="","",IFERROR(MATCH(B89,CUSTOS!$A:$A,0),"NÃO ACHOU")) -> 629
A90: ='99'!A90 -> Cerveja Lagunita 350ml | B90: CERVEJA LAGUNITA LONG 350ML | C90: OK | E90: =IF(B90="","",IFERROR(MATCH(B90,CUSTOS!$A:$A,0),"NÃO ACHOU")) -> 98
A91: ='99'!A91 -> Cerveja Coronita Long 210ml | B91: CERVEJA CORONITA LONG 210ML | C91: OK | E91: =IF(B91="","",IFERROR(MATCH(B91,CUSTOS!$A:$A,0),"NÃO ACHOU")) -> 543
A92: ='99'!A92 -> Bebida 51 Ice Balada 275ML | B92: 51 Ice Baladas Ln 275 Ml | C92: OK | E92: =IF(B92="","",IFERROR(MATCH(B92,CUSTOS!$A:$A,0),"NÃO ACHOU")) -> 646
A93: ='99'!A93 -> Licor Ballena Garrafa 750ml | C93: VERIFICAR | D93: Sabor não informado; opções: LICOR BALLENA MORANGO / COCO / CHOCOLATE E CARAMELO 750ML | E93: =IF(B93="","",IFERROR(MATCH(B93,CUSTOS!$A:$A,0),"NÃO ACHOU"))
A94: ='99'!A94 -> Vinho Tinto Trapiche Vineyards Cabernet Sauvignon 750ml | B94: VINHO TRAPICHE CABERNET SAUVIGNON ARGENTINO 750ML | C94: OK | E94: =IF(B94="","",IFERROR(MATCH(B94,CUSTOS!$A:$A,0),"NÃO ACHOU")) -> 154
A95: ='99'!A95 -> Água Mineral Minalba Com gás 1.5 L | B95: Água Mineral Com Gás Minalba 1,5l | C95: OK | E95: =IF(B95="","",IFERROR(MATCH(B95,CUSTOS!$A:$A,0),"NÃO ACHOU")) -> 32
A96: ='99'!A96 -> Refrigerante Coca-Cola Pet Com 2L | B96: REFRIGERANTE COCA COLA GARRAFA 2L | C96: OK | E96: =IF(B96="","",IFERROR(MATCH(B96,CUSTOS!$A:$A,0),"NÃO ACHOU")) -> 137
A97: ='99'!A97 -> Refrigerante Guaraná Antarctica 2L | B97: REFRIGERANTE GUARANA ANTARTICA GARRAFA 2L | C97: OK | E97: =IF(B97="","",IFERROR(MATCH(B97,CUSTOS!$A:$A,0),"NÃO ACHOU")) -> 142
A98: ='99'!A98 -> Refrigerante Pepsi Zero 2L | B98: REFRIGERANTE PEPSI BLACK GARRAFA 2L | C98: APROXIMADO | D98: Pepsi Black é a versão zero açúcar | E98: =IF(B98="","",IFERROR(MATCH(B98,CUSTOS!$A:$A,0),"NÃO ACHOU")) -> 548
A99: ='99'!A99 -> Isotônico Tangerina Gatorade Garrafa 500ml | B99: ISOTONICO GATORADE TANGERINA 500ML | C99: OK | E99: =IF(B99="","",IFERROR(MATCH(B99,CUSTOS!$A:$A,0),"NÃO ACHOU")) -> 298
A100: ='99'!A100 -> Gelo Para Drink Coco Leve 190G | B100: Gelo Coco Leve Para Drink Sabor Água de Coco 190g | C100: APROXIMADO | D100: Sabor não informado; assumido sabor tradicional (água de coco) | E100: =IF(B100="","",IFERROR(MATCH(B100,CUSTOS!$A:$A,0),"NÃO ACHOU")) -> 688
...
